ROT, abbreviation, ats margin, ats streak, attendance, average punt yards, city, completions, date, day, division, dpa, dps, first downs, fumbles, fumbles lost, game number, interception return yards, interceptions, interceptions returned, kickoff return yards, kickoffs returned, line, losses, margin, margin after the first, margin after the third, margin at the half, matchup losses, matchup wins, month, opponents, ou margin, ou streak, overtime, passes, passing first downs, passing yards, penalties, penalties yards, penalty first downs, penalty yards, playoffs, points, punt return yards, punts, punts returned, quarter scores, rest, return yards, rushes, rushing first downs, rushing yards, sacks, season, site, site streak, start time, streak, tackles, team, time of possession, total, turnover margin, turnovers, week, wins
492,TOR,-1.000,0,22317,44.600,Toronto,22,20110630,Sunday,East,2.000,1.000,22,1,0,1,0.000,0,0,119.000,6,-5.000,0,4,4,10,17,0,0,6,[],3.000,0,,30,11,312,8,,3,53,0,30,38.000,5,2,[7, 20, 3, 0],,157.000,22,8,152,,2011,home,0,1930,0,,Alouettes,1844,53.000,0,0,1,0
491,OTT,1.000,0,22317,44.200,Ottawa,26,20110630,Sunday,West,1.000,2.000,23,0,0,1,0.000,0,0,108.000,6,5.000,0,-4,-4,-10,-17,0,0,6,[],3.000,0,,45,18,366,9,95,1,95,0,26,132.000,5,5,[3, 7, 10, 6],,240.000,8,4,60,,2011,away,0,1930,0,,Lions,1756,53.000,0,0,1,0
494,BC,-16.500,0,23852,40.900,BC,22,20110701,Friday,East,2.500,-14.000,17,0,0,1,0.000,4,0,28.000,3,-8.500,0,-8,3,3,7,0,0,7,[],-11.500,0,,38,7,227,6,,2,45,0,16,19.000,8,4,[10, 6, 0, 0],,47.000,22,8,92,,2011,home,0,1800,0,,Tiger Cats,1905,51.500,2,4,1,0
493,CAL,16.500,0,23852,42.200,Calgary,12,20110701,Friday,East,-14.000,2.500,13,2,1,1,0.000,1,0,136.000,5,8.500,0,8,-3,-3,-7,0,0,7,[],-11.500,0,,26,4,151,11,122,1,122,0,24,71.000,11,7,[7, 2, 4, 11],,207.000,19,8,109,,2011,away,0,1800,0,,Blue Bombers,1695,51.500,-2,2,1,0
496,HAM,-10.000,0,27428,51.500,Hamilton,26,20110701,Friday,West,1.500,-8.500,20,1,1,1,0.000,1,0,121.000,5,-8.000,0,-2,4,-4,-2,0,0,7,[],-7.000,0,,37,11,293,5,,0,51,0,21,95.000,6,7,[4, 1, 1, 15],,216.000,18,9,108,,2011,home,0,2100,0,,Stampeders,2046,51.000,1,2,1,0
495,MTL,10.000,0,27428,44.000,Montreal,16,20110701,Friday,East,-8.500,1.500,18,0,0,1,0.000,1,0,53.000,3,8.000,0,2,-4,4,2,0,0,7,[],-7.000,0,,30,7,187,6,25,1,25,0,23,68.000,8,5,[0, 7, 3, 13],,121.000,21,10,120,,2011,away,0,2100,0,,Argonauts,1554,51.000,-1,1,1,0
498,SSK,-20.000,0,30048,44.500,Saskatchewan,27,20110703,Sunday,West,19.250,-0.750,20,2,1,1,0.000,3,0,174.000,8,-6.000,0,-14,-7,-15,-7,0,0,7,[],18.500,0,,37,5,339,5,,0,44,0,28,28.000,6,4,[7, 13, 0, 8],,202.000,12,15,71,,2011,home,0,1900,0,,Roughriders,1565,51.500,4,4,1,0
497,EDM,20.000,0,30048,46.600,Edmonton,21,20110703,Sunday,West,-0.750,19.250,24,1,0,1,0.000,0,0,64.000,4,6.000,0,14,7,15,7,0,0,7,[],18.500,0,,27,8,294,5,48,2,48,0,42,43.000,7,4,[14, 13, 8, 7],,107.000,29,14,113,,2011,away,0,1900,0,,Eskimos,2035,51.500,-4,0,1,0
492,MTL,5.000,1,27638,40.300,Montreal,21,20110708,Friday,East,-7.000,-2.000,18,1,0,2,0.000,1,0,52.000,3,-1.000,0,6,-2,6,8,0,0,7,['Tiger Cats'],-9.000,-1,,34,9,165,10,,2,87,0,22,58.000,8,4,[1, 10, 5, 6],6,110.000,25,7,109,,2011,home,-1,1930,1,,Blue Bombers,2006,47.000,-3,1,2,1
491,BC,-5.000,1,27638,42.200,BC,24,20110708,Friday,East,-2.000,-7.000,14,7,3,2,0.000,1,0,74.000,4,1.000,0,-6,2,-6,-8,0,0,7,['Stampeders'],-9.000,-1,,34,12,280,12,95,0,95,0,16,19.000,6,5,[3, 0, 7, 6],6,93.000,13,2,55,,2011,away,-1,1930,1,,Argonauts,1594,47.000,3,4,2,1
494,EDM,-4.500,1,22738,42.500,Edmonton,17,20110708,Friday,West,8.250,3.750,19,2,1,2,0.000,2,0,128.000,6,-2.500,1,-2,3,-8,-1,0,0,7,['Alouettes'],12.000,1,,39,11,279,4,,4,36,0,32,93.000,8,7,[3, 3, 14, 12],7,221.000,11,4,42,,2011,home,-1,2230,-1,,Lions,1647,54.000,-2,3,2,0
493,SSK,4.500,-1,22738,41.100,Saskatchewan,19,20110708,Friday,West,3.750,8.250,21,4,2,2,0.000,3,0,174.000,7,2.500,1,2,-3,8,1,0,0,7,['Argonauts'],12.000,-1,,36,14,298,10,69,1,69,0,34,65.000,7,4,[0, 7, 21, 6],6,239.000,20,6,97,,2011,away,1,2230,-1,,Stampeders,1953,54.000,2,5,2,0
496,HAM,-10.500,-1,30045,44.700,Hamilton,22,20110709,Saturday,West,9.750,-0.750,21,0,0,2,0.000,0,0,147.000,5,3.500,1,-14,-7,-15,0,0,0,7,['Eskimos'],9.000,1,,40,13,273,11,,2,101,0,25,14.000,6,3,[7, 10, 0, 8],5,161.000,11,6,75,,2011,home,1,1600,-1,,Roughriders,1738,55.000,-1,0,2,0
495,MTL,10.500,-1,30045,38.700,Montreal,29,20110709,Saturday,East,-0.750,9.750,26,1,0,2,0.000,1,0,72.000,4,-3.500,0,14,7,15,0,0,0,7,['Lions'],9.000,1,,43,18,419,9,72,3,72,0,39,22.000,6,3,[14, 3, 15, 7],8,94.000,18,5,62,,2011,away,1,1600,1,,Alouettes,1862,55.000,1,1,2,1
498,CAL,16.500,1,26059,42.800,Calgary,21,20110709,Saturday,West,-15.750,0.750,26,2,1,2,0.000,0,0,41.000,3,-1.500,0,18,3,18,11,0,0,7,['Roughriders'],-15.000,1,,31,16,388,14,,0,115,0,28,21.000,5,7,[3, 11, 7, 7],5,62.000,33,10,167,,2011,home,-1,1900,1,,Eskimos,2199,53.000,-1,1,2,1
497,EDM,-16.500,-1,26059,40.900,Edmonton,21,20110709,Saturday,East,0.750,-15.750,20,1,1,2,0.000,1,0,78.000,4,1.500,1,-18,-3,-18,-11,0,0,7,['Blue Bombers'],-15.000,-1,,33,13,219,4,20,6,20,0,10,2.000,7,5,[0, 3, 0, 7],7,76.000,11,1,49,,2011,away,1,1900,-1,,Tiger Cats,1401,53.000,1,2,2,0
492,CAL,2.500,2,27890,46.400,Calgary,19,20110714,Thursday,East,-6.750,-4.250,20,1,1,3,0.000,2,0,3.000,3,3.500,0,-1,1,10,4,0,0,7,['Tiger Cats', 'Argonauts'],-11.000,-2,,34,9,236,11,,4,117,0,20,27.000,8,5,[1, 10, 9, 0],5,30.000,23,7,108,,2011,home,1,2000,2,,Blue Bombers,1863,52.000,1,3,3,2
491,HAM,-2.500,1,27890,48.600,Hamilton,17,20110714,Thursday,West,-4.250,-6.750,17,2,2,3,0.000,0,0,69.000,3,-3.500,1,1,-1,-10,-4,0,0,7,['Argonauts', 'Lions'],-11.000,1,,32,7,183,17,166,3,166,0,21,29.000,8,6,[0, 7, 3, 11],5,98.000,19,7,95,,2011,away,-1,2000,1,,Stampeders,1737,52.000,-1,2,3,1
494,,12.500,1,24698,40.700,MONT,29,20110715,Friday,East,-4.500,8.000,28,0,0,3,0.000,1,0,36.000,3,-10.500,0,23,0,6,10,0,0,7,['Lions', 'Roughriders'],3.500,2,,43,15,307,13,,1,86,0,40,43.000,6,4,[7, 13, 3, 17],5,79.000,28,12,162,,2011,home,-1,1930,2,,Alouettes,2378,53.500,-3,1,3,2
493,,-12.500,-1,24698,45.900,TOR,19,20110715,Friday,East,8.000,-4.500,14,4,3,3,0.000,1,0,211.000,8,10.500,1,-23,0,-6,-10,0,0,7,['Stampeders', 'Blue Bombers'],3.500,-2,,30,9,235,8,92,2,92,0,17,64.000,7,6,[7, 3, 7, 0],6,275.000,14,3,52,,2011,away,-2,1930,-1,,Argonauts,1222,53.500,3,4,3,1
496,,28.000,-2,22245,35.000,HAM,22,20110716,Saturday,East,-21.750,6.250,25,1,1,3,0.000,1,0,16.000,1,-2.000,2,30,9,27,23,0,0,7,['Blue Bombers', 'Eskimos'],-15.500,-2,,37,15,242,11,,3,101,0,33,93.000,4,5,[9, 14, 7, 3],6,109.000,24,7,119,,2011,home,-1,1600,-2,,Tiger Cats,2073,51.500,-2,2,3,0
495,,-28.000,-2,22245,40.900,SAS,14,20110716,Saturday,West,6.250,-21.750,13,2,1,3,0.000,3,0,141.000,7,2.000,2,-30,-9,-27,-23,0,0,7,['Eskimos', 'Alouettes'],-15.500,2,,34,8,210,12,112,2,112,0,3,7.000,7,2,[0, 0, 3, 0],6,134.000,12,3,45,,2011,away,2,1600,-2,,Roughriders,1527,51.500,2,4,3,0
498,,13.500,2,32297,40.400,EDM,24,20110716,Saturday,West,-9.000,4.500,26,0,0,3,0.000,0,0,35.000,3,-2.500,0,16,11,20,12,0,0,7,['Roughriders', 'Tiger Cats'],-4.500,-1,,34,18,320,10,,0,92,0,33,42.000,7,7,[11, 11, 8, 3],6,77.000,31,8,142,,2011,home,1,1900,2,,Eskimos,2282,54.500,-3,0,3,2
497,,-13.500,-1,32297,41.000,BC,23,20110716,Saturday,West,4.500,-9.000,19,2,1,3,0.000,2,0,54.000,4,2.500,2,-16,-11,-20,-12,0,0,7,['Alouettes', 'Stampeders'],-4.500,2,,41,14,313,7,45,1,45,0,17,37.000,8,4,[0, 10, 0, 7],7,91.000,8,4,56,,2011,away,1,1900,-2,,Lions,1318,54.500,3,3,3,0
492,,-11.500,-2,24117,41.300,BC,22,20110722,Friday,West,16.000,4.500,26,0,0,4,0.000,1,0,96.000,6,-3.500,3,-8,-7,-10,-3,0,0,7,['Alouettes', 'Stampeders', 'Eskimos'],20.500,-1,,38,16,251,5,,3,46,0,31,34.000,9,7,[7, 14, 0, 10],5,130.000,21,7,109,,2011,home,-1,2200,-3,,Lions,1765,49.500,0,1,4,0
491,,11.500,1,24117,41.600,HAM,21,20110722,Friday,East,4.500,16.000,23,1,1,4,0.000,0,0,86.000,5,3.500,2,8,7,10,3,0,0,7,['Blue Bombers', 'Eskimos', 'Roughriders'],20.500,-3,,31,14,334,9,104,2,104,0,39,80.000,8,6,[14, 10, 7, 8],5,166.000,23,7,152,,2011,away,1,2200,1,,Tiger Cats,1835,49.500,0,1,4,1
494,,-12.500,-2,21189,49.500,TOR,18,20110723,Saturday,East,12.250,-0.250,22,2,1,4,0.000,2,0,139.000,7,-3.500,2,-9,14,-3,11,1,0,7,['Stampeders', 'Blue Bombers', 'Alouettes'],12.000,1,,32,13,227,13,,1,68,0,24,13.000,4,1,[17, 0, 0, 7],7,152.000,18,8,131,,2011,home,-3,1600,-2,,Argonauts,1549,45.000,2,3,4,1
493,,12.500,3,21189,38.300,WIN,22,20110723,Saturday,East,-0.250,12.250,24,2,1,4,0.000,0,0,81.000,5,3.500,1,9,-14,3,-11,0,1,7,['Tiger Cats', 'Argonauts', 'Stampeders'],12.000,-3,,27,15,361,8,79,2,79,0,33,32.000,3,2,[3, 3, 14, 13],8,113.000,28,7,131,,2011,away,2,1600,-1,,Blue Bombers,2051,45.000,-2,1,4,2
496,,-8.000,-1,29910,39.900,AL,28,20110723,Saturday,West,-2.500,-10.500,24,2,0,4,0.000,0,0,70.000,4,-3.000,1,-5,-3,-10,-12,0,0,7,['Argonauts', 'Lions', 'Blue Bombers'],-13.000,-1,,46,18,372,12,,0,154,0,19,28.000,8,6,[4, 1, 6, 8],8,98.000,18,6,107,,2011,home,-2,1900,2,,Stampeders,2051,56.000,-1,0,4,2
495,,8.000,3,29910,47.700,EDM,12,20110723,Saturday,West,-10.500,-2.500,16,0,0,4,0.000,1,0,64.000,3,3.000,0,5,3,10,12,0,0,7,['Roughriders', 'Tiger Cats', 'Lions'],-13.000,-2,,27,9,229,12,104,3,104,0,24,25.000,9,3,[7, 10, 4, 3],6,89.000,20,4,95,,2011,away,2,1900,3,,Eskimos,1549,56.000,1,1,4,3
498,,-14.500,2,24434,38.800,MONT,19,20110724,Sunday,East,4.750,-9.750,20,0,0,4,0.000,2,0,132.000,6,-11.500,0,-3,-1,-14,-7,0,1,7,['Lions', 'Roughriders', 'Argonauts'],-5.000,3,,33,9,189,8,,1,101,0,24,0.000,6,1,[3, 7, 0, 14],8,132.000,21,10,116,,2011,home,1,1900,3,,Alouettes,1726,56.000,1,2,4,3
497,,14.500,-3,24434,37.400,SAS,14,20110724,Sunday,West,-9.750,4.750,21,1,1,4,0.000,0,0,120.000,5,11.500,3,3,1,14,7,1,0,7,['Eskimos', 'Alouettes', 'Tiger Cats'],-5.000,-1,,21,6,177,11,120,4,120,0,27,24.000,5,4,[4, 13, 7, 3],7,144.000,27,11,169,,2011,away,-1,1900,-3,,Roughriders,1874,56.000,-1,1,4,0
492,,2.500,4,29553,44.500,WIN,15,20110728,Thursday,East,-4.750,-2.250,13,1,0,5,0.000,0,0,94.000,5,-2.500,1,5,0,5,-7,0,0,7,['Tiger Cats', 'Argonauts', 'Stampeders', 'Argonauts'],-7.000,1,,27,8,258,9,,0,0,0,25,81.000,11,7,[3, 3, 13, 6],4,175.000,21,5,105,,2011,home,-1,2000,1,,Blue Bombers,1761,52.000,-1,0,5,3
491,,-2.500,-3,29553,45.900,BC,16,20110728,Thursday,West,-2.250,-4.750,19,1,1,5,0.000,0,0,81.000,4,2.500,4,-5,0,-5,7,0,0,7,['Alouettes', 'Stampeders', 'Eskimos', 'Tiger Cats'],-7.000,1,,31,8,195,5,0,2,0,0,20,89.000,9,9,[3, 10, 1, 6],5,170.000,24,9,145,,2011,away,1,2000,-4,,Lions,1839,52.000,1,1,5,0
494,,11.000,2,24068,51.200,HAM,20,20110729,Friday,East,-2.250,8.750,24,1,1,5,0.000,0,0,78.000,5,3.000,2,8,4,4,4,0,0,7,['Blue Bombers', 'Eskimos', 'Roughriders', 'Lions'],6.500,1,,36,14,295,14,,3,135,0,34,5.000,5,1,[7, 10, 3, 14],6,83.000,17,7,83,,2011,home,-1,1830,2,,Tiger Cats,1758,53.500,0,1,5,2
493,,-11.000,-1,24068,39.500,MONT,23,20110729,Friday,East,8.750,-2.250,23,4,1,5,0.000,0,0,134.000,6,-3.000,1,-8,-4,-4,-4,0,0,7,['Lions', 'Roughriders', 'Argonauts', 'Roughriders'],6.500,-1,,45,14,356,14,121,4,121,0,26,11.000,4,3,[3, 10, 3, 10],4,145.000,12,5,38,,2011,away,2,1830,-1,,Alouettes,1842,53.500,0,1,5,3
496,,-7.000,4,32478,45.800,EDM,24,20110729,Friday,West,4.250,-2.750,23,4,2,5,0.000,0,0,76.000,4,-8.000,0,1,-6,-2,-2,0,0,7,['Roughriders', 'Tiger Cats', 'Lions', 'Stampeders'],1.500,-3,,34,13,261,8,,4,85,0,26,30.000,9,4,[1, 14, 1, 10],5,106.000,22,6,97,,2011,home,-1,2130,4,,Eskimos,1922,49.500,-2,2,5,4
495,,7.000,-3,32478,35.600,TOR,17,20110729,Friday,East,-2.750,4.250,17,4,2,5,0.000,2,0,70.000,4,8.000,3,-1,6,2,2,0,0,7,['Stampeders', 'Blue Bombers', 'Alouettes', 'Blue Bombers'],1.500,2,,29,9,156,9,92,1,92,0,25,133.000,7,7,[7, 10, 1, 7],5,203.000,24,7,154,,2011,away,1,2130,-3,,Argonauts,1678,49.500,2,4,5,1
498,,-2.000,1,30048,44.600,SAS,16,20110730,Saturday,West,-6.250,-8.250,13,0,0,5,0.000,0,0,90.000,4,2.000,3,-4,-3,-4,-5,0,0,7,['Eskimos', 'Alouettes', 'Tiger Cats', 'Alouettes'],-14.500,-2,,28,5,215,10,,1,0,0,18,94.000,10,9,[0, 8, 7, 3],5,184.000,13,7,79,,2011,home,-2,2130,1,,Roughriders,1800,54.500,-1,0,5,1
497,,2.000,-2,30048,46.000,CAL,24,20110730,Saturday,West,-8.250,-6.250,20,1,0,5,0.000,1,0,101.000,4,-2.000,2,4,3,4,5,0,0,7,['Argonauts', 'Lions', 'Blue Bombers', 'Eskimos'],-14.500,-2,,36,12,255,6,0,1,0,0,22,21.000,9,5,[3, 10, 6, 3],6,122.000,19,7,140,,2011,away,1,2130,-1,,Stampeders,1800,54.500,1,1,5,2
492,,-8.500,1,19204,40.200,TOR,25,20110804,Thursday,East,7.500,-1.000,23,0,0,6,0.000,1,0,124.000,7,4.500,4,-13,-7,-16,-7,1,0,8,['Stampeders', 'Blue Bombers', 'Alouettes', 'Blue Bombers', 'Eskimos'],6.500,3,,41,18,314,6,,1,44,0,23,18.000,5,4,[3, 10, 0, 10],5,142.000,13,4,75,,2011,home,-1,1930,-4,,Argonauts,1477,52.500,0,1,6,1
491,,8.500,-2,19204,38.400,MONT,30,20110804,Thursday,East,-1.000,7.500,31,1,1,6,0.000,0,0,79.000,4,-4.500,2,13,7,16,7,0,1,8,['Lions', 'Roughriders', 'Argonauts', 'Roughriders', 'Tiger Cats'],6.500,1,,36,19,349,4,37,0,37,0,36,38.000,5,4,[10, 10, 9, 7],5,117.000,27,12,172,,2011,away,-1,1930,-2,,Alouettes,2123,52.500,0,1,6,3
494,,13.000,5,29533,53.600,WIN,20,20110805,Friday,East,-9.500,3.500,19,2,0,6,0.000,1,0,53.000,3,1.000,1,12,-10,10,-2,0,0,8,['Tiger Cats', 'Argonauts', 'Stampeders', 'Argonauts', 'Lions'],-6.000,-1,,27,12,242,7,,1,70,0,28,39.000,8,6,[1, 11, 14, 2],7,92.000,27,6,167,,2011,home,1,1930,2,,Blue Bombers,2036,50.000,-3,1,6,4
493,,-13.000,-1,29533,52.600,EDM,17,20110805,Friday,West,3.500,-9.500,14,4,1,6,0.000,3,0,101.000,6,-1.000,0,-12,10,-10,2,0,0,8,['Roughriders', 'Tiger Cats', 'Lions', 'Stampeders', 'Argonauts'],-6.000,1,,28,10,226,12,118,0,118,0,16,38.000,9,5,[11, 3, 2, 0],6,139.000,18,4,87,,2011,away,1,1930,5,,Eskimos,1564,50.000,3,4,6,5
496,,9.500,-4,25238,40.700,BC,18,20110805,Friday,West,-14.000,-4.500,20,0,0,6,0.000,1,0,42.000,2,-3.500,5,13,3,9,10,0,0,8,['Alouettes', 'Stampeders', 'Eskimos', 'Tiger Cats', 'Blue Bombers'],-18.500,-1,,27,13,257,3,,1,33,0,24,25.000,6,3,[3, 17, 0, 4],7,67.000,22,6,110,,2011,home,-1,2230,-5,,Lions,1784,53.500,1,1,6,0
495,,-9.500,-1,25238,36.000,SAS,25,20110805,Friday,West,-4.500,-14.000,20,0,0,6,0.000,0,0,48.000,3,3.500,4,-13,-3,-9,-10,0,0,8,['Eskimos', 'Alouettes', 'Tiger Cats', 'Alouettes', 'Stampeders'],-18.500,-3,,36,10,236,12,95,0,95,0,11,7.000,7,3,[0, 10, 1, 0],5,55.000,17,10,105,,2011,away,1,2230,-1,,Roughriders,1816,53.500,-1,0,6,1
498,,8.500,1,29307,54.400,AL,27,20110806,Saturday,West,-3.750,4.750,25,0,0,6,0.000,0,0,72.000,4,-3.500,2,12,0,4,-7,0,0,8,['Argonauts', 'Lions', 'Blue Bombers', 'Eskimos', 'Roughriders'],1.000,-3,,39,14,341,6,,1,92,0,32,75.000,5,5,[10, 3, 11, 8],6,147.000,19,10,88,,2011,home,-1,2130,1,,Stampeders,2008,51.000,-1,0,6,3
497,,-8.500,3,29307,42.800,HAM,20,20110806,Saturday,East,4.750,-3.750,21,0,0,6,0.000,1,0,64.000,4,3.500,2,-12,0,-4,7,0,0,8,['Blue Bombers', 'Eskimos', 'Roughriders', 'Lions', 'Alouettes'],1.000,2,,34,11,211,7,81,5,81,0,20,10.000,8,2,[10, 10, 0, 0],7,74.000,17,5,71,,2011,away,1,2130,3,,Tiger Cats,1592,51.000,1,1,6,3
492,,16.500,1,24448,46.100,MONT,19,20110811,Thursday,East,-20.000,-3.500,20,1,0,7,0.000,0,0,35.000,2,-6.500,2,23,10,19,17,0,0,8,['Lions', 'Roughriders', 'Argonauts', 'Roughriders', 'Tiger Cats', 'Argonauts'],-23.500,2,,33,12,261,5,,1,40,0,27,61.000,7,7,[10, 10, 3, 4],6,96.000,20,7,113,,2011,home,-2,1930,1,,Alouettes,1915,54.500,-1,0,7,4
491,,-16.500,-2,24448,49.600,EDM,24,20110811,Thursday,West,-3.500,-20.000,14,4,1,7,0.000,0,0,91.000,4,6.500,1,-23,-10,-19,-17,0,0,8,['Roughriders', 'Tiger Cats', 'Lions', 'Stampeders', 'Argonauts', 'Blue Bombers'],-23.500,-1,,38,11,284,9,60,1,60,0,4,28.000,9,6,[0, 3, 1, 0],5,119.000,7,2,-1,,2011,away,-1,1930,-1,,Eskimos,1685,54.500,1,1,7,5
494,,-6.500,-2,30048,40.400,SAS,30,20110812,Friday,West,18.750,12.250,30,3,1,7,0.000,2,0,170.000,8,3.500,5,-10,-7,-24,-17,1,0,8,['Eskimos', 'Alouettes', 'Tiger Cats', 'Alouettes', 'Stampeders', 'Lions'],31.000,-4,,40,17,434,12,,3,118,0,35,29.000,5,2,[7, 7, 0, 21],6,199.000,18,10,109,,2011,home,-1,2100,-2,,Roughriders,1922,49.000,3,3,7,1
493,,6.500,2,30048,45.200,CAL,21,20110812,Friday,West,12.250,18.750,25,1,0,7,0.000,0,0,110.000,6,-3.500,2,10,7,24,17,0,1,8,['Argonauts', 'Lions', 'Blue Bombers', 'Eskimos', 'Roughriders', 'Tiger Cats'],31.000,1,,29,13,298,16,155,2,155,0,45,13.000,6,3,[14, 17, 7, 7],5,123.000,21,10,92,,2011,away,1,2100,2,,Stampeders,1678,49.000,-3,0,7,4
496,,-2.500,-1,24347,42.000,HAM,22,20110813,Saturday,East,10.750,8.250,24,0,0,7,0.000,0,0,103.000,6,-7.500,3,5,3,2,2,0,0,8,['Blue Bombers', 'Eskimos', 'Roughriders', 'Lions', 'Alouettes', 'Stampeders'],19.000,3,,31,13,310,0,,2,0,0,37,52.000,6,3,[10, 10, 7, 10],6,155.000,24,9,89,,2011,home,-1,1900,-1,,Tiger Cats,1902,50.000,-1,0,7,3
495,,2.500,-1,24347,36.000,TOR,28,20110813,Saturday,East,8.250,10.750,26,1,1,7,0.000,0,0,64.000,3,7.500,5,-5,-3,-2,-2,0,0,8,['Stampeders', 'Blue Bombers', 'Alouettes', 'Blue Bombers', 'Eskimos', 'Alouettes'],19.000,4,,38,14,379,0,0,2,0,0,32,31.000,5,5,[7, 11, 7, 7],8,95.000,21,10,127,,2011,away,1,1900,-5,,Argonauts,1698,50.000,1,1,7,1
498,,-14.500,1,24131,41.300,BC,18,20110813,Saturday,West,6.000,-8.500,13,5,3,7,0.000,1,0,118.000,5,-1.500,5,-13,4,-20,-3,1,0,8,['Alouettes', 'Stampeders', 'Eskimos', 'Tiger Cats', 'Blue Bombers', 'Roughriders'],-2.500,-2,,42,10,227,11,,0,0,0,17,50.000,10,8,[7, 3, 0, 7],7,168.000,13,3,64,,2011,home,1,2200,1,,Lions,1702,49.500,2,4,7,1
497,,14.500,6,24131,37.200,WIN,18,20110813,Saturday,East,-8.500,6.000,12,2,1,7,0.000,1,0,61.000,4,1.500,1,13,-4,20,3,0,1,8,['Tiger Cats', 'Argonauts', 'Stampeders', 'Argonauts', 'Lions', 'Eskimos'],-2.500,-2,,24,7,237,5,0,1,0,0,30,94.000,11,8,[3, 10, 17, 0],7,155.000,24,4,32,,2011,away,2,2200,3,,Blue Bombers,1898,49.500,-2,2,7,5
492,,3.000,1,,48.600,TOR,20,20110818,Thursday,East,-7.250,-4.250,19,0,0,8,0.000,0,0,58.000,4,-3.000,6,6,8,20,14,0,0,8,['Stampeders', 'Blue Bombers', 'Alouettes', 'Blue Bombers', 'Eskimos', 'Alouettes', 'Tiger Cats'],-11.500,5,,28,9,169,5,,3,30,0,24,12.000,7,2,[8, 6, 7, 3],4,70.000,17,7,95,,2011,home,-1,1930,-6,,Argonauts,1609,53.500,-2,0,8,1
491,,-3.000,-3,,40.000,SAS,31,20110818,Thursday,West,-4.250,-7.250,27,3,1,8,0.000,1,0,115.000,5,3.000,6,-6,-8,-20,-14,0,0,8,['Eskimos', 'Alouettes', 'Tiger Cats', 'Alouettes', 'Stampeders', 'Lions', 'Stampeders'],-11.500,1,,44,14,384,11,99,1,99,0,18,49.000,3,4,[0, 0, 1, 17],5,164.000,18,12,99,,2011,away,1,1930,-3,,Roughriders,1991,53.500,2,2,8,1
494,,-40.500,-3,35216,45.900,EDM,19,20110819,Friday,West,13.500,-27.000,10,0,0,8,0.000,4,0,96.000,5,-5.500,2,-35,-10,-26,-19,0,1,8,['Roughriders', 'Tiger Cats', 'Lions', 'Stampeders', 'Argonauts', 'Blue Bombers', 'Alouettes'],-13.500,-2,,30,7,201,12,,0,87,0,1,94.000,10,10,[0, 1, 0, 0],7,190.000,9,3,38,,2011,home,-2,2100,-2,,Eskimos,1563,50.500,3,4,8,5
493,,40.500,-1,35216,43.300,BC,24,20110819,Friday,West,-27.000,13.500,26,0,0,8,0.000,1,0,47.000,2,5.500,6,35,10,26,19,1,0,8,['Alouettes', 'Stampeders', 'Eskimos', 'Tiger Cats', 'Blue Bombers', 'Roughriders', 'Blue Bombers'],-13.500,-3,,40,21,378,3,40,1,40,0,36,47.000,10,8,[10, 10, 7, 9],5,94.000,21,4,101,,2011,away,2,2100,-1,,Lions,2037,50.500,-3,1,8,1
492,,-0.500,7,30338,38.000,WIN,19,20110826,Friday,East,4.000,3.500,20,1,0,8,0.000,0,0,73.000,5,-3.500,1,3,7,-4,0,0,1,8,['Tiger Cats', 'Argonauts', 'Stampeders', 'Argonauts', 'Lions', 'Eskimos', 'Lions'],7.500,-3,,34,13,293,14,,3,117,0,30,22.000,9,4,[10, 7, 3, 10],12,95.000,16,4,73,,2011,home,-1,2000,4,,Blue Bombers,1782,49.500,-2,0,9,6
491,,0.500,-2,30338,37.600,HAM,22,20110826,Friday,East,3.500,4.000,19,2,1,8,0.000,1,0,73.000,5,3.500,3,-3,-7,4,0,1,0,8,['Blue Bombers', 'Eskimos', 'Roughriders', 'Lions', 'Alouettes', 'Stampeders', 'Argonauts'],7.500,4,,34,9,351,13,130,1,130,0,27,42.000,7,5,[3, 14, 7, 3],12,115.000,20,9,71,,2011,away,1,2000,1,,Tiger Cats,1818,49.500,2,2,9,4
494,,6.000,3,30386,48.900,AL,26,20110827,Saturday,West,4.000,10.000,21,2,1,8,0.000,0,0,71.000,5,-1.000,2,7,-9,0,-7,0,0,8,['Argonauts', 'Lions', 'Blue Bombers', 'Eskimos', 'Roughriders', 'Tiger Cats', 'Roughriders'],14.000,2,,42,17,422,9,,0,73,0,38,28.000,7,5,[1, 10, 10, 17],14,99.000,11,4,62,,2011,home,-1,1600,3,,Stampeders,1748,55.000,-1,1,9,5
493,,-6.000,2,30386,45.900,MONT,28,20110827,Saturday,East,10.000,4.000,23,2,1,8,0.000,1,0,129.000,7,1.000,2,-7,9,0,7,0,0,8,['Lions', 'Roughriders', 'Argonauts', 'Roughriders', 'Tiger Cats', 'Argonauts', 'Eskimos'],14.000,-1,,49,19,369,7,46,0,46,0,31,42.000,7,6,[10, 8, 3, 10],15,171.000,11,4,64,,2011,away,1,1600,2,,Alouettes,1852,55.000,1,2,9,5
292,,-11.000,2,19593,42.000,TOR,16,20110902,Friday,East,2.500,-8.500,10,1,0,9,0.000,4,0,297.000,8,2.000,6,-13,-7,-14,-7,0,0,9,['Stampeders', 'Blue Bombers', 'Alouettes', 'Blue Bombers', 'Eskimos', 'Alouettes', 'Tiger Cats', 'Roughriders'],-6.000,-1,,31,5,99,4,,0,45,0,16,48.000,7,4,[3, 3, 3, 7],14,345.000,15,5,85,,2011,home,1,1930,1,,Argonauts,1374,51.000,3,4,10,2
291,,11.000,1,19593,38.600,BC,25,20110902,Friday,West,-8.500,2.500,23,1,1,9,0.000,0,0,126.000,5,-2.000,6,13,7,14,7,0,0,9,['Alouettes', 'Stampeders', 'Eskimos', 'Tiger Cats', 'Blue Bombers', 'Roughriders', 'Blue Bombers', 'Eskimos'],-6.000,-4,,36,14,309,8,50,0,50,0,29,68.000,7,7,[10, 3, 10, 6],13,194.000,26,9,138,,2011,away,-1,1930,1,,Lions,2226,51.000,-3,1,10,2
294,,22.500,-4,30048,43.400,SAS,13,20110904,Sunday,West,-19.000,3.500,18,1,1,9,0.000,0,0,20.000,1,2.500,7,20,7,13,6,0,0,9,['Eskimos', 'Alouettes', 'Tiger Cats', 'Alouettes', 'Stampeders', 'Lions', 'Stampeders', 'Argonauts'],-15.500,-1,,21,9,232,5,,3,73,0,27,69.000,7,5,[7, 3, 10, 7],16,89.000,25,6,89,,2011,home,-1,1600,-4,,Roughriders,1765,49.500,-1,1,10,1
293,,-22.500,-1,30048,48.600,WIN,23,20110904,Sunday,East,3.500,-19.000,15,1,1,9,0.000,1,0,87.000,5,-2.500,1,-20,-7,-13,-6,0,0,9,['Tiger Cats', 'Argonauts', 'Stampeders', 'Argonauts', 'Lions', 'Eskimos', 'Lions', 'Tiger Cats'],-15.500,1,,35,10,234,16,178,1,178,0,7,18.000,7,3,[0, 4, 3, 0],8,105.000,20,4,57,,2011,away,1,1600,5,,Blue Bombers,1835,49.500,1,2,10,7
296,,25.500,1,26964,44.300,HAM,16,20110905,Monday,East,-8.000,17.500,26,2,2,9,0.000,1,0,74.000,4,2.500,4,23,4,27,14,0,1,9,['Blue Bombers', 'Eskimos', 'Roughriders', 'Lions', 'Alouettes', 'Stampeders', 'Argonauts', 'Blue Bombers'],9.500,5,,21,14,265,2,,2,0,0,44,31.000,4,4,[14, 13, 14, 3],9,105.000,31,10,144,,2011,home,-1,1300,-1,,Tiger Cats,1870,55.500,2,3,10,4
295,,-25.500,-1,26964,38.400,MONT,24,20110905,Monday,East,17.500,-8.000,18,2,1,9,0.000,0,0,173.000,7,-2.500,3,-23,-4,-27,-14,1,0,9,['Lions', 'Roughriders', 'Argonauts', 'Roughriders', 'Tiger Cats', 'Argonauts', 'Eskimos', 'Stampeders'],9.500,1,,42,12,307,14,0,0,0,0,21,54.000,7,3,[10, 3, 1, 7],8,227.000,13,6,75,,2011,away,-1,1300,-1,,Alouettes,1730,55.500,-2,1,10,5
298,,-36.500,4,35650,50.600,AL,14,20110905,Monday,West,14.500,-22.000,14,3,2,9,0.000,2,0,83.000,5,-8.500,2,-28,7,-25,-8,1,0,9,['Argonauts', 'Lions', 'Blue Bombers', 'Eskimos', 'Roughriders', 'Tiger Cats', 'Roughriders', 'Alouettes'],-7.500,3,,26,7,151,14,,1,130,0,7,35.000,10,4,[7, 0, 0, 0],8,118.000,19,6,83,,2011,home,1,1630,4,,Stampeders,1460,49.500,4,4,10,6
297,,36.500,-4,35650,50.900,EDM,18,20110905,Monday,West,-22.000,14.500,20,0,0,9,0.000,0,0,47.000,2,8.500,3,28,-7,25,8,0,1,9,['Roughriders', 'Tiger Cats', 'Lions', 'Stampeders', 'Argonauts', 'Blue Bombers', 'Alouettes', 'Lions'],-7.500,-3,,26,8,168,8,62,3,62,0,35,145.000,8,9,[0, 15, 17, 3],16,192.000,31,9,127,,2011,away,1,1630,-3,,Eskimos,2140,49.500,-4,0,10,5
492,,-7.000,1,45672,49.900,EDM,21,20110909,Friday,West,2.000,-5.000,17,1,1,10,0.000,0,0,74.000,3,3.000,3,-10,-4,-10,-11,0,2,9,['Roughriders', 'Tiger Cats', 'Lions', 'Stampeders', 'Argonauts', 'Blue Bombers', 'Alouettes', 'Lions', 'Stampeders'],-3.000,-4,,34,13,345,9,,1,69,0,20,42.000,7,4,[3, 3, 4, 10],3,116.000,15,3,42,,2011,home,-1,2100,1,,Eskimos,1638,53.000,0,1,11,6
491,,7.000,-1,45672,46.700,CAL,16,20110909,Friday,West,-5.000,2.000,22,0,0,10,0.000,1,0,41.000,2,-3.000,3,10,4,10,11,2,0,9,['Argonauts', 'Lions', 'Blue Bombers', 'Eskimos', 'Roughriders', 'Tiger Cats', 'Roughriders', 'Alouettes', 'Eskimos'],-3.000,-1,,30,11,316,6,54,2,54,0,30,31.000,6,5,[7, 10, 3, 10],3,72.000,25,9,182,,2011,away,2,2100,-1,,Stampeders,1962,53.000,0,1,11,6
494,,14.500,2,25263,45.200,BC,19,20110910,Saturday,West,-14.750,-0.250,17,1,1,10,0.000,1,0,106.000,4,-7.500,6,22,5,15,15,0,1,9,['Alouettes', 'Stampeders', 'Eskimos', 'Tiger Cats', 'Blue Bombers', 'Roughriders', 'Blue Bombers', 'Eskimos', 'Argonauts'],-15.000,-5,,29,9,263,3,,2,40,0,28,26.000,4,4,[5, 10, 6, 7],7,132.000,19,6,137,,2011,home,-2,1600,2,,Lions,1857,49.000,-1,2,11,3
493,,-14.500,-1,25263,45.800,TOR,18,20110910,Saturday,East,-0.250,-14.750,21,2,2,10,0.000,1,0,118.000,7,7.500,7,-22,-5,-15,-15,1,0,9,['Stampeders', 'Blue Bombers', 'Alouettes', 'Blue Bombers', 'Eskimos', 'Alouettes', 'Tiger Cats', 'Roughriders', 'Lions'],-15.000,-2,,34,13,220,7,79,0,79,0,6,42.000,4,3,[0, 0, 6, 0],7,160.000,20,8,120,,2011,away,2,1600,-1,,Argonauts,1743,49.000,1,3,11,2
496,,25.000,-2,24304,44.400,MONT,31,20110911,Sunday,East,-13.000,12.000,34,0,0,10,0.000,0,0,39.000,2,-5.000,4,30,8,23,19,2,0,9,['Lions', 'Roughriders', 'Argonauts', 'Roughriders', 'Tiger Cats', 'Argonauts', 'Eskimos', 'Stampeders', 'Tiger Cats'],-1.000,2,,45,24,421,8,,4,65,0,43,34.000,5,5,[8, 21, 4, 10],5,73.000,22,6,98,,2011,home,-2,1300,-2,,Alouettes,1962,57.000,0,0,11,5
495,,-25.000,2,24304,43.000,HAM,20,20110911,Sunday,East,12.000,-13.000,13,2,0,10,0.000,0,0,147.000,6,5.000,4,-30,-8,-23,-19,0,2,9,['Blue Bombers', 'Eskimos', 'Roughriders', 'Lions', 'Alouettes', 'Stampeders', 'Argonauts', 'Blue Bombers', 'Alouettes'],-1.000,6,,40,11,207,13,111,0,111,0,13,7.000,8,2,[0, 10, 0, 3],5,154.000,8,2,39,,2011,away,1,1300,1,,Tiger Cats,1638,57.000,0,0,11,5
498,,-27.500,-2,30518,40.400,WIN,29,20110911,Sunday,East,23.750,-3.750,24,2,1,10,0.000,5,0,143.000,8,-5.500,2,-22,10,-15,-11,1,0,9,['Tiger Cats', 'Argonauts', 'Stampeders', 'Argonauts', 'Lions', 'Eskimos', 'Lions', 'Tiger Cats', 'Roughriders'],20.000,-1,,44,17,346,12,,2,89,0,23,35.000,5,5,[10, 3, 3, 7],6,178.000,17,5,93,,2011,home,-1,1600,-1,,Blue Bombers,1876,48.000,5,6,11,7
497,,27.500,1,30518,44.100,SAS,15,20110911,Sunday,West,-3.750,23.750,18,1,0,10,0.000,1,0,60.000,5,5.500,7,22,-10,15,11,0,1,9,['Eskimos', 'Alouettes', 'Tiger Cats', 'Alouettes', 'Stampeders', 'Lions', 'Stampeders', 'Argonauts', 'Blue Bombers'],20.000,-2,,28,10,246,9,64,3,64,0,45,64.000,8,4,[0, 24, 7, 14],6,124.000,17,5,79,,2011,away,1,1600,1,,Roughriders,1724,48.000,-5,1,11,2
292,,-19.500,-1,22654,37.300,HAM,22,20110916,Friday,East,14.750,-4.750,16,2,1,11,0.000,1,0,176.000,6,-4.500,5,-15,-7,-12,-19,1,0,9,['Blue Bombers', 'Eskimos', 'Roughriders', 'Lions', 'Alouettes', 'Stampeders', 'Argonauts', 'Blue Bombers', 'Alouettes', 'Alouettes'],10.000,-1,,35,12,230,14,,2,110,0,23,30.000,6,5,[3, 3, 10, 7],4,206.000,8,2,39,,2011,home,-1,1930,-1,,Tiger Cats,1341,51.000,2,2,12,5
291,,19.500,-1,22654,42.000,EDM,25,20110916,Friday,West,-4.750,14.750,29,0,0,11,0.000,0,0,85.000,4,4.500,4,15,7,12,19,0,1,9,['Roughriders', 'Tiger Cats', 'Lions', 'Stampeders', 'Argonauts', 'Blue Bombers', 'Alouettes', 'Lions', 'Stampeders', 'Stampeders'],10.000,-5,,32,14,227,6,65,5,65,0,38,14.000,6,4,[10, 15, 3, 10],6,99.000,26,10,222,,2011,away,1,1930,-1,,Eskimos,2259,51.000,-2,0,12,6
294,,2.000,2,30048,40.100,SAS,21,20110917,Saturday,West,-1.250,0.750,21,0,0,11,0.000,1,0,80.000,4,-8.000,7,10,-6,-5,-5,1,0,9,['Eskimos', 'Alouettes', 'Tiger Cats', 'Alouettes', 'Stampeders', 'Lions', 'Stampeders', 'Argonauts', 'Blue Bombers', 'Blue Bombers'],-0.500,1,,34,8,279,7,,2,75,0,30,10.000,8,3,[0, 7, 7, 16],5,90.000,19,11,106,,2011,home,-1,1600,2,,Roughriders,1626,50.500,-2,1,12,3
293,,-2.000,-2,30048,41.400,TOR,20,20110917,Saturday,East,0.750,-1.250,22,2,1,11,0.000,2,0,120.000,7,8.000,8,-10,6,5,5,0,1,9,['Stampeders', 'Blue Bombers', 'Alouettes', 'Blue Bombers', 'Eskimos', 'Alouettes', 'Tiger Cats', 'Roughriders', 'Lions', 'Lions'],-0.500,-3,,34,13,293,13,145,1,145,0,20,50.000,7,5,[6, 6, 7, 1],6,170.000,29,8,188,,2011,away,-1,1600,-2,,Argonauts,1974,50.500,2,3,12,2
296,,-17.000,1,29929,44.500,AL,21,20110917,Saturday,West,8.250,-8.750,7,5,3,11,0.000,1,0,106.000,4,-4.000,3,-13,2,-12,-5,0,1,9,['Argonauts', 'Lions', 'Blue Bombers', 'Eskimos', 'Roughriders', 'Tiger Cats', 'Roughriders', 'Alouettes', 'Eskimos', 'Eskimos'],-0.500,-2,,30,0,313,11,,2,90,0,19,63.000,6,6,[3, 3, 7, 6],7,169.000,17,5,56,,2011,home,-1,1900,1,,Stampeders,1537,51.500,3,4,12,7
295,,17.000,3,29929,43.900,BC,13,20110917,Saturday,West,-8.750,8.250,22,2,0,11,0.000,1,0,35.000,2,4.000,6,13,-2,12,5,1,0,9,['Alouettes', 'Stampeders', 'Eskimos', 'Tiger Cats', 'Blue Bombers', 'Roughriders', 'Blue Bombers', 'Eskimos', 'Argonauts', 'Argonauts'],-0.500,-6,,28,8,186,12,92,4,92,0,32,59.000,8,6,[1, 10, 14, 7],6,94.000,27,10,122,,2011,away,1,1900,3,,Lions,2063,51.500,-3,1,12,4
298,,-9.500,1,24642,45.900,MONT,22,20110918,Sunday,East,2.250,-7.250,21,2,2,11,0.000,0,0,100.000,4,-7.500,4,-2,-14,-11,-3,0,0,9,['Lions', 'Roughriders', 'Argonauts', 'Roughriders', 'Tiger Cats', 'Argonauts', 'Eskimos', 'Stampeders', 'Tiger Cats', 'Tiger Cats'],-5.000,-1,,39,13,258,8,,3,49,0,23,25.000,7,4,[0, 14, 0, 9],6,125.000,15,5,81,,2011,home,1,1300,1,,Alouettes,1843,53.000,0,2,12,6
297,,9.500,-3,24642,38.000,WIN,20,20110918,Sunday,East,-7.250,2.250,17,1,1,11,0.000,1,0,70.000,5,7.500,3,2,14,11,3,0,0,9,['Tiger Cats', 'Argonauts', 'Stampeders', 'Argonauts', 'Lions', 'Eskimos', 'Lions', 'Tiger Cats', 'Roughriders', 'Roughriders'],-5.000,1,,29,9,312,12,95,1,95,0,25,21.000,9,4,[14, 3, 8, 0],6,91.000,20,7,118,,2011,away,1,1300,-2,,Blue Bombers,1757,53.000,0,2,12,7
492,,-14.000,1,40274,46.500,EDM,14,20110923,Friday,West,7.500,-6.500,13,4,0,12,0.000,1,0,85.000,4,-1.000,4,-13,-3,-6,-7,1,0,9,['Roughriders', 'Tiger Cats', 'Lions', 'Stampeders', 'Argonauts', 'Blue Bombers', 'Alouettes', 'Lions', 'Stampeders', 'Stampeders', 'Tiger Cats'],1.000,1,,26,7,213,5,,0,60,0,21,79.000,6,2,[1, 10, 4, 6],6,164.000,14,6,100,,2011,home,-1,2100,1,,Eskimos,1471,54.000,0,1,13,7
491,,14.000,-1,40274,45.800,MONT,27,20110923,Friday,East,-6.500,7.500,28,1,1,12,0.000,0,0,73.000,4,1.000,5,13,3,6,7,0,1,9,['Lions', 'Roughriders', 'Argonauts', 'Roughriders', 'Tiger Cats', 'Argonauts', 'Eskimos', 'Stampeders', 'Tiger Cats', 'Tiger Cats', 'Blue Bombers'],1.000,-2,,35,20,362,4,60,0,60,0,34,7.000,5,2,[4, 14, 3, 13],4,80.000,27,8,164,,2011,away,2,2100,-1,,Alouettes,2129,54.000,0,1,13,6
494,,-38.500,3,30048,46.700,SAS,21,20110924,Saturday,West,17.250,-21.250,16,1,1,12,0.000,2,0,231.000,9,-1.500,7,-37,-6,-35,-27,1,0,9,['Eskimos', 'Alouettes', 'Tiger Cats', 'Alouettes', 'Stampeders', 'Lions', 'Stampeders', 'Argonauts', 'Blue Bombers', 'Blue Bombers', 'Argonauts'],-4.000,-1,,38,12,278,16,,0,145,0,5,17.000,7,1,[0, 3, 0, 2],6,248.000,12,4,48,,2011,home,1,1600,3,,Roughriders,1430,51.000,3,3,13,4
493,,38.500,4,30048,55.500,BC,25,20110924,Saturday,West,-21.250,17.250,23,0,0,12,0.000,0,0,13.000,1,1.500,6,37,6,35,27,0,1,9,['Alouettes', 'Stampeders', 'Eskimos', 'Tiger Cats', 'Blue Bombers', 'Roughriders', 'Blue Bombers', 'Eskimos', 'Argonauts', 'Argonauts', 'Stampeders'],-4.000,-7,,35,16,355,7,88,3,88,0,42,33.000,4,4,[6, 24, 8, 4],6,46.000,20,4,78,,2011,away,-1,1600,4,,Lions,2170,51.000,-3,0,13,5
496,,4.000,-3,19108,43.100,TOR,11,20110924,Saturday,East,-1.750,2.250,12,1,0,12,0.000,4,0,142.000,6,3.000,9,1,1,5,1,2,0,9,['Stampeders', 'Blue Bombers', 'Alouettes', 'Blue Bombers', 'Eskimos', 'Alouettes', 'Tiger Cats', 'Roughriders', 'Lions', 'Lions', 'Roughriders'],0.500,-4,,21,8,88,14,,0,0,0,25,77.000,11,8,[8, 7, 7, 3],6,219.000,22,4,180,,2011,home,-2,1900,-3,,Argonauts,1800,48.500,1,4,13,2
495,,-4.000,1,19108,39.800,WIN,20,20110924,Saturday,East,2.250,-1.750,20,4,1,12,0.000,2,0,88.000,4,-3.000,3,-1,-1,-5,-1,0,2,9,['Tiger Cats', 'Argonauts', 'Stampeders', 'Argonauts', 'Lions', 'Eskimos', 'Lions', 'Tiger Cats', 'Roughriders', 'Roughriders', 'Alouettes'],0.500,-1,,32,6,225,11,0,4,0,0,24,33.000,9,4,[7, 7, 3, 7],5,121.000,24,10,128,,2011,away,-1,1900,1,,Blue Bombers,1800,48.500,-1,3,13,8
498,,20.000,-2,20153,46.800,HAM,17,20110925,Sunday,East,8.500,28.500,23,1,0,12,0.000,0,0,144.000,6,1.000,6,19,0,20,10,1,0,9,['Blue Bombers', 'Eskimos', 'Roughriders', 'Lions', 'Alouettes', 'Stampeders', 'Argonauts', 'Blue Bombers', 'Alouettes', 'Alouettes', 'Eskimos'],37.000,1,,24,10,279,8,,3,70,0,55,13.000,6,4,[7, 17, 17, 14],8,157.000,24,10,116,,2011,home,1,1300,-2,,Tiger Cats,1781,54.000,-3,0,13,5
497,,-20.000,-1,20153,49.200,CAL,21,20110925,Sunday,West,28.500,8.500,25,2,2,12,0.000,1,0,206.000,8,-1.000,4,-19,0,-20,-10,0,1,9,['Argonauts', 'Lions', 'Blue Bombers', 'Eskimos', 'Roughriders', 'Tiger Cats', 'Roughriders', 'Alouettes', 'Eskimos', 'Eskimos', 'Lions'],37.000,-3,,38,16,281,11,80,0,80,0,36,3.000,6,4,[7, 7, 7, 15],7,209.000,15,9,188,,2011,away,1,1300,-1,,Stampeders,1819,54.000,3,3,13,7
292,,1.000,-1,30447,39.700,WIN,25,20110930,Friday,East,3.500,4.500,18,4,2,13,0.000,2,0,65.000,5,7.000,4,-6,-4,-16,-12,0,1,9,['Tiger Cats', 'Argonauts', 'Stampeders', 'Argonauts', 'Lions', 'Eskimos', 'Lions', 'Tiger Cats', 'Roughriders', 'Roughriders', 'Alouettes', 'Argonauts'],8.000,1,,40,11,326,16,,2,156,0,26,33.000,7,3,[3, 0, 10, 13],5,98.000,15,5,97,,2011,home,-2,1930,-1,,Blue Bombers,1517,50.000,3,4,14,8
291,,-1.000,1,30447,34.400,MONT,26,20110930,Friday,East,4.500,3.500,27,2,1,13,0.000,0,0,107.000,6,-7.000,5,6,4,16,12,1,0,9,['Lions', 'Roughriders', 'Argonauts', 'Roughriders', 'Tiger Cats', 'Argonauts', 'Eskimos', 'Stampeders', 'Tiger Cats', 'Tiger Cats', 'Blue Bombers', 'Eskimos'],8.000,1,,44,18,335,18,205,2,205,0,32,42.000,10,6,[7, 8, 14, 3],6,149.000,17,7,81,,2011,away,-1,1930,1,,Alouettes,2083,50.000,-3,1,14,7
294,,3.000,5,50213,44.300,BC,18,20110930,Friday,West,2.250,5.250,24,0,0,13,0.000,1,0,127.000,6,-6.000,6,9,-1,11,-1,1,1,9,['Alouettes', 'Stampeders', 'Eskimos', 'Tiger Cats', 'Blue Bombers', 'Roughriders', 'Blue Bombers', 'Eskimos', 'Argonauts', 'Argonauts', 'Stampeders', 'Roughriders'],7.500,-8,,27,7,288,15,,4,124,0,33,6.000,4,1,[2, 10, 14, 7],5,133.000,24,13,135,,2011,home,-2,2230,5,,Lions,1806,49.500,0,1,14,6
293,,-3.000,-1,50213,42.700,EDM,18,20110930,Friday,West,5.250,2.250,23,1,1,13,0.000,0,0,155.000,7,6.000,5,-9,1,-11,1,1,1,9,['Roughriders', 'Tiger Cats', 'Lions', 'Stampeders', 'Argonauts', 'Blue Bombers', 'Alouettes', 'Lions', 'Stampeders', 'Stampeders', 'Tiger Cats', 'Alouettes'],7.500,2,,32,9,270,13,144,2,144,0,24,16.000,3,3,[3, 10, 2, 9],6,171.000,22,12,134,,2011,away,1,2230,-1,,Eskimos,1794,49.500,0,1,14,7
296,,31.000,-2,33469,49.000,AL,19,20111001,Saturday,West,-21.750,9.250,28,0,0,13,0.000,0,0,16.000,1,-6.000,5,37,8,34,20,0,2,10,['Argonauts', 'Lions', 'Blue Bombers', 'Eskimos', 'Roughriders', 'Tiger Cats', 'Roughriders', 'Alouettes', 'Eskimos', 'Eskimos', 'Lions', 'Tiger Cats'],-12.500,1,,25,12,198,8,,1,55,0,40,35.000,4,5,[8, 15, 14, 3],5,51.000,31,15,230,,2011,home,-1,1600,-2,,Stampeders,1559,55.500,-2,0,14,7
295,,-31.000,-1,33469,42.700,SAS,18,20111001,Saturday,West,9.250,-21.750,15,2,2,13,0.000,0,0,183.000,7,6.000,8,-37,-8,-34,-20,2,0,10,['Eskimos', 'Alouettes', 'Tiger Cats', 'Alouettes', 'Stampeders', 'Lions', 'Stampeders', 'Argonauts', 'Blue Bombers', 'Blue Bombers', 'Argonauts', 'Lions'],-12.500,-2,,29,5,160,6,51,1,51,0,3,16.000,6,2,[0, 3, 0, 0],6,199.000,17,9,74,,2011,away,2,1600,-1,,Roughriders,2041,55.500,2,2,14,4
298,,-11.000,1,21853,42.700,TOR,14,20111001,Saturday,East,-2.000,-13.000,12,4,2,13,0.000,0,0,176.000,5,4.000,9,-15,-4,-11,-11,1,0,10,['Stampeders', 'Blue Bombers', 'Alouettes', 'Blue Bombers', 'Eskimos', 'Alouettes', 'Tiger Cats', 'Roughriders', 'Lions', 'Lions', 'Roughriders', 'Blue Bombers'],-15.000,1,,27,8,168,9,,0,74,0,12,1.000,7,2,[3, 3, 3, 3],6,177.000,19,4,121,,2011,home,1,1900,1,,Argonauts,2169,54.000,-1,2,14,3
297,,11.000,1,21853,30.000,HAM,22,20111001,Saturday,East,-13.000,-2.000,25,0,0,13,0.000,3,0,25.000,1,-4.000,6,15,4,11,11,0,1,10,['Blue Bombers', 'Eskimos', 'Roughriders', 'Lions', 'Alouettes', 'Stampeders', 'Argonauts', 'Blue Bombers', 'Alouettes', 'Alouettes', 'Eskimos', 'Stampeders'],-15.000,2,,31,16,331,11,95,1,95,0,27,48.000,6,4,[7, 10, 3, 7],5,73.000,27,8,190,,2011,away,2,1900,1,,Tiger Cats,1431,54.000,1,3,14,6
492,,-20.000,2,23268,43.600,HAM,19,20111007,Friday,East,8.500,-11.500,17,0,0,14,0.000,1,0,88.000,6,-4.000,6,-16,-10,-23,-9,2,0,10,['Blue Bombers', 'Eskimos', 'Roughriders', 'Lions', 'Alouettes', 'Stampeders', 'Argonauts', 'Blue Bombers', 'Alouettes', 'Alouettes', 'Eskimos', 'Stampeders', 'Argonauts'],-3.000,-1,,29,9,202,10,,1,0,0,17,64.000,10,5,[0, 3, 0, 14],5,152.000,19,7,74,,2011,home,-1,1930,2,,Tiger Cats,1699,53.000,1,1,15,7
491,,20.000,1,23268,47.000,WIN,16,20111007,Friday,East,-11.500,8.500,23,0,0,14,0.000,0,0,52.000,3,4.000,5,16,10,23,9,0,2,10,['Tiger Cats', 'Argonauts', 'Stampeders', 'Argonauts', 'Lions', 'Eskimos', 'Lions', 'Tiger Cats', 'Roughriders', 'Roughriders', 'Alouettes', 'Argonauts', 'Alouettes'],-3.000,2,,25,8,239,11,0,2,0,0,33,65.000,7,9,[10, 2, 14, 7],6,117.000,26,13,177,,2011,away,1,1930,-2,,Blue Bombers,1901,53.000,-1,0,15,8
494,,-1.500,6,30622,45.600,BC,19,20111008,Saturday,West,5.750,4.250,19,0,1,14,0.000,0,0,119.000,6,-3.500,6,2,7,2,7,1,1,10,['Alouettes', 'Stampeders', 'Eskimos', 'Tiger Cats', 'Blue Bombers', 'Roughriders', 'Blue Bombers', 'Eskimos', 'Argonauts', 'Argonauts', 'Stampeders', 'Roughriders', 'Eskimos'],10.000,1,,32,10,252,8,,1,35,0,33,29.000,5,2,[14, 10, 3, 6],7,148.000,20,8,88,,2011,home,1,2200,6,,Lions,1895,54.000,-1,1,15,7
493,,1.500,1,30622,42.600,CAL,15,20111008,Saturday,West,4.250,5.750,19,2,2,14,0.000,0,0,155.000,5,3.500,5,-2,-7,-2,-7,1,1,10,['Argonauts', 'Lions', 'Blue Bombers', 'Eskimos', 'Roughriders', 'Tiger Cats', 'Roughriders', 'Alouettes', 'Eskimos', 'Eskimos', 'Lions', 'Tiger Cats', 'Roughriders'],10.000,-1,,20,5,193,8,60,2,60,0,31,22.000,5,4,[7, 10, 8, 6],6,177.000,24,12,114,,2011,away,1,2200,1,,Stampeders,1705,54.000,1,2,15,8
496,,-3.500,-1,23960,46.600,MONT,26,20111010,Monday,East,-1.250,-4.750,28,2,1,14,0.000,1,0,66.000,4,-13.500,5,10,-7,10,-3,0,2,10,['Lions', 'Roughriders', 'Argonauts', 'Roughriders', 'Tiger Cats', 'Argonauts', 'Eskimos', 'Stampeders', 'Tiger Cats', 'Tiger Cats', 'Blue Bombers', 'Eskimos', 'Blue Bombers'],-6.000,2,,38,17,305,9,,1,91,0,29,13.000,8,5,[3, 10, 16, 0],9,79.000,22,10,161,,2011,home,-2,1300,2,,Alouettes,1993,54.000,1,2,15,8
495,,3.500,-1,23960,37.400,TOR,21,20111010,Monday,East,-4.750,-1.250,19,1,1,14,0.000,0,0,75.000,6,13.500,10,-10,7,-10,3,2,0,10,['Stampeders', 'Blue Bombers', 'Alouettes', 'Blue Bombers', 'Eskimos', 'Alouettes', 'Tiger Cats', 'Roughriders', 'Lions', 'Lions', 'Roughriders', 'Blue Bombers', 'Tiger Cats'],-6.000,-1,,34,11,223,6,40,3,40,0,19,87.000,7,6,[10, 6, 3, 0],8,162.000,16,5,109,,2011,away,2,1300,-1,,Argonauts,1607,54.000,-1,1,15,3
498,,10.000,-2,38054,46.000,EDM,18,20111010,Monday,West,-21.500,-11.500,15,1,0,14,0.000,0,0,2.000,2,-6.000,6,16,0,14,12,0,1,10,['Roughriders', 'Tiger Cats', 'Lions', 'Stampeders', 'Argonauts', 'Blue Bombers', 'Alouettes', 'Lions', 'Stampeders', 'Stampeders', 'Tiger Cats', 'Alouettes', 'Lions'],-33.000,3,,28,10,204,12,,0,83,0,17,36.000,12,6,[0, 12, 3, 2],9,38.000,27,5,131,,2011,home,-1,1630,-2,,Eskimos,2039,51.000,-3,0,15,7
497,,-10.000,-2,38054,43.800,SAS,15,20111010,Monday,West,-11.500,-21.500,15,1,0,14,0.000,3,0,68.000,4,6.000,9,-16,0,-14,-12,1,0,10,['Eskimos', 'Alouettes', 'Tiger Cats', 'Alouettes', 'Stampeders', 'Lions', 'Stampeders', 'Argonauts', 'Blue Bombers', 'Blue Bombers', 'Argonauts', 'Lions', 'Stampeders'],-33.000,-3,,39,7,145,7,55,3,55,0,1,107.000,9,9,[0, 0, 1, 0],8,175.000,15,5,99,,2011,away,-1,1630,-2,,Roughriders,1561,51.000,3,3,15,4
292,,8.500,1,18720,49.500,TOR,11,20111014,Friday,East,-0.500,8.000,20,0,0,15,0.000,4,0,212.000,8,6.500,11,2,1,9,19,0,1,10,['Stampeders', 'Blue Bombers', 'Alouettes', 'Blue Bombers', 'Eskimos', 'Alouettes', 'Tiger Cats', 'Roughriders', 'Lions', 'Lions', 'Roughriders', 'Blue Bombers', 'Tiger Cats', 'Alouettes'],7.500,-2,,21,3,118,0,,3,0,0,31,32.000,6,3,[7, 21, 0, 3],3,244.000,30,14,236,,2011,home,-1,1930,-2,,Argonauts,1521,52.500,1,4,16,3
291,,-8.500,2,18720,45.800,CAL,25,20111014,Friday,West,8.000,-0.500,28,1,1,15,0.000,2,0,90.000,5,-6.500,6,-2,-1,-9,-19,1,0,10,['Argonauts', 'Lions', 'Blue Bombers', 'Eskimos', 'Roughriders', 'Tiger Cats', 'Roughriders', 'Alouettes', 'Eskimos', 'Eskimos', 'Lions', 'Tiger Cats', 'Roughriders', 'Lions'],7.500,1,,39,15,328,0,0,2,0,0,29,14.000,4,3,[6, 3, 10, 10],5,104.000,24,11,211,,2011,away,-1,1930,-1,,Stampeders,2079,52.500,-1,3,16,8
294,,12.000,1,30734,48.600,EDM,20,20111015,Saturday,West,-13.500,-1.500,18,1,0,15,0.000,2,0,17.000,2,-2.000,6,14,4,11,11,1,0,10,['Roughriders', 'Tiger Cats', 'Lions', 'Stampeders', 'Argonauts', 'Blue Bombers', 'Alouettes', 'Lions', 'Stampeders', 'Stampeders', 'Tiger Cats', 'Alouettes', 'Lions', 'Roughriders'],-15.000,-1,,29,11,220,11,,1,124,0,24,30.000,7,5,[7, 7, 7, 3],4,47.000,17,6,97,,2011,home,1,1900,1,,Eskimos,1769,49.000,-1,2,16,8
293,,-12.000,2,30734,38.300,WIN,20,20111015,Saturday,East,-1.500,-13.500,22,3,0,15,0.000,3,0,74.000,4,2.000,5,-14,-4,-11,-11,0,1,10,['Tiger Cats', 'Argonauts', 'Stampeders', 'Argonauts', 'Lions', 'Eskimos', 'Lions', 'Tiger Cats', 'Roughriders', 'Roughriders', 'Alouettes', 'Argonauts', 'Alouettes', 'Tiger Cats'],-15.000,-1,,34,9,162,8,75,8,75,0,10,34.000,9,5,[3, 0, 7, 0],7,108.000,20,5,117,,2011,away,-1,1900,1,,Blue Bombers,1831,49.000,1,3,16,9
296,,-4.000,-2,23668,57.000,MONT,27,20111016,Sunday,East,0.000,-4.000,28,2,2,15,0.000,0,0,32.000,3,-6.000,5,2,-3,12,5,2,1,10,['Lions', 'Roughriders', 'Argonauts', 'Roughriders', 'Tiger Cats', 'Argonauts', 'Eskimos', 'Stampeders', 'Tiger Cats', 'Tiger Cats', 'Blue Bombers', 'Eskimos', 'Blue Bombers', 'Argonauts'],-4.000,-1,,39,18,341,6,,3,54,0,27,2.000,1,1,[3, 11, 7, 6],5,34.000,22,7,104,,2011,home,1,1300,3,,Alouettes,1918,56.000,0,2,16,9
295,,4.000,-1,23668,42.500,HAM,27,20111016,Sunday,East,-4.000,0.000,23,0,0,15,0.000,2,0,76.000,4,6.000,7,-2,3,-12,-5,1,2,10,['Blue Bombers', 'Eskimos', 'Roughriders', 'Lions', 'Alouettes', 'Stampeders', 'Argonauts', 'Blue Bombers', 'Alouettes', 'Alouettes', 'Eskimos', 'Stampeders', 'Argonauts', 'Blue Bombers'],-4.000,-2,,42,14,304,11,50,3,50,0,25,0.000,2,0,[6, 3, 0, 16],8,76.000,15,6,71,,2011,away,1,1300,-1,,Tiger Cats,1682,56.000,0,2,16,7
298,,-3.500,-3,30048,33.800,SAS,29,20111016,Sunday,West,1.000,-2.500,26,0,0,15,0.000,0,0,127.000,6,7.500,10,-11,0,3,3,2,0,10,['Eskimos', 'Alouettes', 'Tiger Cats', 'Alouettes', 'Stampeders', 'Lions', 'Stampeders', 'Argonauts', 'Blue Bombers', 'Blue Bombers', 'Argonauts', 'Lions', 'Stampeders', 'Eskimos'],-1.500,-4,,45,16,281,11,,1,94,0,18,0.000,4,1,[3, 9, 3, 3],5,127.000,19,9,108,,2011,home,-2,1600,-3,,Roughriders,1912,48.500,0,0,16,4
297,,3.500,-1,30048,35.500,BC,16,20111016,Sunday,West,-2.500,1.000,19,0,0,15,0.000,0,0,41.000,3,-7.500,6,11,0,-3,-3,0,2,10,['Alouettes', 'Stampeders', 'Eskimos', 'Tiger Cats', 'Blue Bombers', 'Roughriders', 'Blue Bombers', 'Eskimos', 'Argonauts', 'Argonauts', 'Stampeders', 'Roughriders', 'Eskimos', 'Stampeders'],-1.500,2,,29,9,287,5,40,2,40,0,29,16.000,4,2,[3, 6, 3, 17],7,57.000,15,8,104,,2011,away,2,1600,7,,Lions,1688,48.500,0,0,16,8
492,,-3.000,2,19176,37.900,TOR,23,20111021,Friday,East,5.000,2.000,22,2,1,16,0.000,1,0,84.000,6,4.000,11,-7,2,-28,-16,1,0,10,['Stampeders', 'Blue Bombers', 'Alouettes', 'Blue Bombers', 'Eskimos', 'Alouettes', 'Tiger Cats', 'Roughriders', 'Lions', 'Lions', 'Roughriders', 'Blue Bombers', 'Tiger Cats', 'Alouettes', 'Stampeders'],7.000,1,,39,14,285,14,,1,93,0,24,84.000,7,5,[3, 0, 0, 21],6,168.000,22,7,152,,2011,home,1,1830,1,,Argonauts,1615,48.000,0,2,17,4
491,,3.000,2,19176,51.400,EDM,18,20111021,Friday,West,2.000,5.000,22,4,2,16,0.000,0,0,41.000,3,-4.000,6,7,-2,28,16,0,1,10,['Roughriders', 'Tiger Cats', 'Lions', 'Stampeders', 'Argonauts', 'Blue Bombers', 'Alouettes', 'Lions', 'Stampeders', 'Stampeders', 'Tiger Cats', 'Alouettes', 'Lions', 'Roughriders', 'Blue Bombers'],7.000,-2,,31,11,356,9,58,2,58,0,31,21.000,8,5,[1, 18, 12, 0],5,62.000,24,9,143,,2011,away,2,1830,2,,Eskimos,1985,48.000,0,2,17,9
494,,2.000,-1,29698,52.000,AL,23,20111021,Friday,West,-8.000,-6.000,24,1,1,16,0.000,2,0,62.000,3,-10.000,7,12,-3,11,7,0,3,10,['Argonauts', 'Lions', 'Blue Bombers', 'Eskimos', 'Roughriders', 'Tiger Cats', 'Roughriders', 'Alouettes', 'Eskimos', 'Eskimos', 'Lions', 'Tiger Cats', 'Roughriders', 'Lions', 'Argonauts'],-14.000,2,,32,15,251,6,,1,45,0,25,19.000,3,4,[0, 17, 7, 1],6,81.000,18,8,113,,2011,home,-2,2130,-2,,Stampeders,1621,52.000,1,3,17,8
493,,-2.000,-4,29698,45.500,SAS,26,20111021,Friday,West,-6.000,-8.000,25,1,1,16,0.000,1,0,91.000,4,10.000,11,-12,3,-11,-7,3,0,10,['Eskimos', 'Alouettes', 'Tiger Cats', 'Alouettes', 'Stampeders', 'Lions', 'Stampeders', 'Argonauts', 'Blue Bombers', 'Blue Bombers', 'Argonauts', 'Lions', 'Stampeders', 'Eskimos', 'Lions'],-14.000,-5,,43,17,295,5,60,1,60,0,13,10.000,4,2,[3, 7, 3, 0],4,101.000,18,7,83,,2011,away,1,2130,-4,,Roughriders,1979,52.000,-1,2,17,4
496,,2.000,-1,30360,42.700,WIN,21,20111022,Saturday,East,-1.750,0.250,18,1,1,16,0.000,1,0,43.000,3,1.000,6,1,2,-15,1,1,1,10,['Tiger Cats', 'Argonauts', 'Stampeders', 'Argonauts', 'Lions', 'Eskimos', 'Lions', 'Tiger Cats', 'Roughriders', 'Roughriders', 'Alouettes', 'Argonauts', 'Alouettes', 'Tiger Cats', 'Eskimos'],-1.500,-2,,33,9,236,10,,3,99,0,26,67.000,9,6,[8, 2, 0, 16],6,110.000,18,6,74,,2011,home,-2,1500,-1,,Blue Bombers,1558,52.500,-1,2,17,9
495,,-2.000,-3,30360,33.900,MONT,14,20111022,Saturday,East,0.250,-1.750,20,0,0,16,0.000,3,0,85.000,5,-1.000,5,-1,-2,15,-1,1,1,10,['Lions', 'Roughriders', 'Argonauts', 'Roughriders', 'Tiger Cats', 'Argonauts', 'Eskimos', 'Stampeders', 'Tiger Cats', 'Tiger Cats', 'Blue Bombers', 'Eskimos', 'Blue Bombers', 'Argonauts', 'Tiger Cats'],-1.500,-2,,37,10,199,14,111,3,111,0,25,28.000,8,4,[6, 3, 16, 0],5,113.000,19,7,124,,2011,away,2,1500,4,,Alouettes,2042,52.500,1,3,17,10
498,,33.500,1,25536,43.400,HAM,17,20111022,Saturday,East,-17.500,16.000,15,1,1,16,0.000,0,0,70.000,3,1.500,8,32,-1,19,6,0,1,10,['Blue Bombers', 'Eskimos', 'Roughriders', 'Lions', 'Alouettes', 'Stampeders', 'Argonauts', 'Blue Bombers', 'Alouettes', 'Alouettes', 'Eskimos', 'Stampeders', 'Argonauts', 'Blue Bombers', 'Alouettes'],-1.500,-3,,30,6,232,8,,2,45,0,42,58.000,8,5,[6, 10, 13, 13],5,128.000,19,7,97,,2011,home,-1,1900,-2,,Tiger Cats,1833,53.500,-3,1,17,7
497,,-33.500,1,25536,37.600,BC,21,20111022,Saturday,West,16.000,-17.500,17,2,2,16,0.000,2,0,161.000,8,-1.500,6,-32,1,-19,-6,1,0,10,['Alouettes', 'Stampeders', 'Eskimos', 'Tiger Cats', 'Blue Bombers', 'Roughriders', 'Blue Bombers', 'Eskimos', 'Argonauts', 'Argonauts', 'Stampeders', 'Roughriders', 'Eskimos', 'Stampeders', 'Roughriders'],-1.500,-1,,44,13,267,10,82,0,82,0,10,25.000,12,6,[7, 3, 0, 0],5,186.000,12,4,63,,2011,away,-1,1900,8,,Lions,1767,53.500,3,4,17,9
292,,-13.000,1,29751,37.000,WIN,21,20111028,Friday,East,6.750,-6.250,25,1,1,17,0.000,1,0,74.000,4,-8.000,6,-5,3,-5,-18,1,2,10,['Tiger Cats', 'Argonauts', 'Stampeders', 'Argonauts', 'Lions', 'Eskimos', 'Lions', 'Tiger Cats', 'Roughriders', 'Roughriders', 'Alouettes', 'Argonauts', 'Alouettes', 'Tiger Cats', 'Eskimos', 'Alouettes'],0.500,-3,,38,9,269,10,,1,85,0,22,27.000,6,6,[3, 3, 13, 3],5,101.000,27,15,205,,2011,home,1,2000,1,,Blue Bombers,2073,48.500,0,2,18,10
291,,13.000,-1,29751,39.700,TOR,11,20111028,Friday,East,-6.250,6.750,14,1,1,17,0.000,1,0,152.000,7,8.000,12,5,-3,5,18,2,1,10,['Stampeders', 'Blue Bombers', 'Alouettes', 'Blue Bombers', 'Eskimos', 'Alouettes', 'Tiger Cats', 'Roughriders', 'Lions', 'Lions', 'Roughriders', 'Blue Bombers', 'Tiger Cats', 'Alouettes', 'Stampeders', 'Eskimos'],0.500,2,,17,5,113,11,96,3,96,0,27,92.000,7,5,[0, 24, 0, 3],6,244.000,23,6,149,,2011,away,2,2000,-1,,Argonauts,1527,48.500,0,2,18,4
294,,22.000,-5,29813,51.500,SAS,7,20111029,Saturday,West,-25.000,-3.000,20,0,0,17,0.000,0,0,12.000,1,6.000,12,16,7,14,17,1,0,10,['Eskimos', 'Alouettes', 'Tiger Cats', 'Alouettes', 'Stampeders', 'Lions', 'Stampeders', 'Argonauts', 'Blue Bombers', 'Blue Bombers', 'Argonauts', 'Lions', 'Stampeders', 'Eskimos', 'Lions', 'Stampeders'],-28.000,-6,,22,4,139,9,,2,95,0,19,31.000,8,5,[7, 10, 0, 2],7,43.000,34,14,190,,2011,home,-1,1500,-5,,Roughriders,1953,50.000,-4,0,18,4
293,,-22.000,2,29813,34.900,HAM,20,20111029,Saturday,East,-3.000,-25.000,16,0,0,17,0.000,4,0,17.000,3,-6.000,8,-16,-7,-14,-17,0,1,10,['Blue Bombers', 'Eskimos', 'Roughriders', 'Lions', 'Alouettes', 'Stampeders', 'Argonauts', 'Blue Bombers', 'Alouettes', 'Alouettes', 'Eskimos', 'Stampeders', 'Argonauts', 'Blue Bombers', 'Alouettes', 'Lions'],-28.000,-4,,35,9,224,5,50,3,50,0,3,38.000,7,4,[0, 0, 3, 0],6,55.000,16,4,55,,2011,away,1,1500,1,,Tiger Cats,1647,50.000,4,4,18,8
296,,5.000,-1,29749,36.700,BC,21,20111029,Saturday,West,-2.750,2.250,19,1,0,17,0.000,1,0,124.000,6,-4.000,7,9,7,9,9,1,2,10,['Alouettes', 'Stampeders', 'Eskimos', 'Tiger Cats', 'Blue Bombers', 'Roughriders', 'Blue Bombers', 'Eskimos', 'Argonauts', 'Argonauts', 'Stampeders', 'Roughriders', 'Eskimos', 'Stampeders', 'Roughriders', 'Tiger Cats'],-0.500,-2,,31,14,322,6,,3,40,0,29,55.000,6,5,[14, 2, 3, 10],6,179.000,15,2,58,,2011,home,-2,2200,-1,,Lions,1592,49.500,1,1,18,9
295,,-5.000,3,29749,44.300,EDM,26,20111029,Saturday,West,2.250,-2.750,21,1,0,17,0.000,0,0,65.000,4,4.000,6,-9,-7,-9,-9,2,1,10,['Roughriders', 'Tiger Cats', 'Lions', 'Stampeders', 'Argonauts', 'Blue Bombers', 'Alouettes', 'Lions', 'Stampeders', 'Stampeders', 'Tiger Cats', 'Alouettes', 'Lions', 'Roughriders', 'Blue Bombers', 'Argonauts'],-0.500,1,,38,12,310,10,98,0,98,0,20,31.000,6,5,[7, 0, 3, 10],7,96.000,21,9,62,,2011,away,-1,2200,3,,Eskimos,2008,49.500,-1,0,18,10
298,,-10.500,-4,24051,38.000,MONT,24,20111030,Sunday,East,7.000,-3.500,24,1,1,17,0.000,0,0,90.000,5,-5.500,6,-5,-7,-1,-1,1,0,10,['Lions', 'Roughriders', 'Argonauts', 'Roughriders', 'Tiger Cats', 'Argonauts', 'Eskimos', 'Stampeders', 'Tiger Cats', 'Tiger Cats', 'Blue Bombers', 'Eskimos', 'Blue Bombers', 'Argonauts', 'Tiger Cats', 'Blue Bombers'],3.500,-3,,43,19,380,9,,0,92,0,27,25.000,8,4,[7, 7, 7, 6],7,115.000,22,5,160,,2011,home,-1,1300,-1,,Alouettes,1757,55.500,-3,1,18,10
297,,10.500,1,24051,50.500,CAL,25,20111030,Sunday,West,-3.500,7.000,28,3,2,17,0.000,2,0,80.000,5,5.500,7,5,7,1,1,0,1,10,['Argonauts', 'Lions', 'Blue Bombers', 'Eskimos', 'Roughriders', 'Tiger Cats', 'Roughriders', 'Alouettes', 'Eskimos', 'Eskimos', 'Lions', 'Tiger Cats', 'Roughriders', 'Lions', 'Argonauts', 'Roughriders'],3.500,-1,,36,14,333,5,45,3,45,0,32,43.000,6,6,[14, 1, 7, 10],8,123.000,23,11,151,,2011,away,1,1300,1,,Stampeders,1843,55.500,3,4,18,9
492,,18.000,1,20833,46.700,TOR,12,20111103,Thursday,East,-9.750,8.250,17,1,1,18,0.000,2,0,122.000,4,1.000,12,17,4,7,4,2,0,11,['Stampeders', 'Blue Bombers', 'Alouettes', 'Blue Bombers', 'Eskimos', 'Alouettes', 'Tiger Cats', 'Roughriders', 'Lions', 'Lions', 'Roughriders', 'Blue Bombers', 'Tiger Cats', 'Alouettes', 'Stampeders', 'Eskimos', 'Blue Bombers'],-1.500,3,,25,8,216,8,,2,75,0,33,94.000,6,7,[7, 3, 6, 17],5,216.000,22,7,126,,2011,home,-1,1930,1,,Argonauts,1680,50.500,2,3,19,5
491,,-18.000,-1,20833,47.900,HAM,27,20111103,Thursday,East,8.250,-9.750,24,1,0,18,0.000,1,0,89.000,4,-1.000,9,-17,-4,-7,-4,0,2,11,['Blue Bombers', 'Eskimos', 'Roughriders', 'Lions', 'Alouettes', 'Stampeders', 'Argonauts', 'Blue Bombers', 'Alouettes', 'Alouettes', 'Eskimos', 'Stampeders', 'Argonauts', 'Blue Bombers', 'Alouettes', 'Lions', 'Roughriders'],-1.500,-5,,46,16,273,6,59,4,59,0,16,29.000,9,5,[3, 3, 3, 7],4,118.000,17,4,69,,2011,away,-1,1930,-1,,Tiger Cats,1920,50.500,-2,1,19,8
494,,-6.000,-1,30845,45.300,EDM,22,20111104,Friday,West,1.000,-5.000,15,1,0,18,0.000,1,0,20.000,3,-9.000,7,3,0,7,7,0,2,11,['Roughriders', 'Tiger Cats', 'Lions', 'Stampeders', 'Argonauts', 'Blue Bombers', 'Alouettes', 'Lions', 'Stampeders', 'Stampeders', 'Tiger Cats', 'Alouettes', 'Lions', 'Roughriders', 'Blue Bombers', 'Argonauts', 'Lions'],-4.000,-1,,33,11,305,7,,0,55,0,23,34.000,9,8,[0, 14, 3, 6],5,54.000,18,4,76,,2011,home,-2,2100,-1,,Eskimos,1895,47.000,-1,1,19,10
493,,6.000,1,30845,40.400,SAS,13,20111104,Friday,West,-5.000,1.000,17,1,1,18,0.000,1,0,80.000,5,9.000,12,-3,0,-7,-7,2,0,11,['Eskimos', 'Alouettes', 'Tiger Cats', 'Alouettes', 'Stampeders', 'Lions', 'Stampeders', 'Argonauts', 'Blue Bombers', 'Blue Bombers', 'Argonauts', 'Lions', 'Stampeders', 'Eskimos', 'Lions', 'Stampeders', 'Tiger Cats'],-4.000,-7,,28,10,203,3,25,1,25,0,20,77.000,10,9,[0, 7, 3, 10],5,157.000,17,6,112,,2011,away,1,2100,1,,Roughriders,1705,47.000,1,2,19,5
496,,0.000,2,29076,48.000,AL,15,20111105,Saturday,West,1.250,1.250,22,3,1,18,0.000,1,0,103.000,4,-6.000,7,6,17,10,7,0,1,11,['Argonauts', 'Lions', 'Blue Bombers', 'Eskimos', 'Roughriders', 'Tiger Cats', 'Roughriders', 'Alouettes', 'Eskimos', 'Eskimos', 'Lions', 'Tiger Cats', 'Roughriders', 'Lions', 'Argonauts', 'Roughriders', 'Alouettes'],2.500,1,,28,10,207,7,,1,81,0,30,24.000,5,4,[17, 7, 3, 3],5,127.000,23,11,127,,2011,home,-1,1600,2,,Stampeders,1800,51.500,0,2,19,10
495,,0.000,-1,29076,41.500,WIN,22,20111105,Saturday,East,1.250,1.250,21,3,2,18,0.000,0,0,162.000,6,6.000,7,-6,-17,-10,-7,1,0,11,['Tiger Cats', 'Argonauts', 'Stampeders', 'Argonauts', 'Lions', 'Eskimos', 'Lions', 'Tiger Cats', 'Roughriders', 'Roughriders', 'Alouettes', 'Argonauts', 'Alouettes', 'Tiger Cats', 'Eskimos', 'Alouettes', 'Argonauts'],2.500,1,,33,9,202,9,91,3,91,0,24,77.000,6,4,[0, 17, 0, 7],7,239.000,20,9,88,,2011,away,2,1600,-1,,Blue Bombers,1800,51.500,0,2,19,10
498,,39.000,1,35454,44.200,BC,20,20111105,Saturday,West,-24.500,14.500,24,0,0,18,0.000,1,0,14.000,1,-3.000,7,42,13,33,23,1,0,11,['Alouettes', 'Stampeders', 'Eskimos', 'Tiger Cats', 'Blue Bombers', 'Roughriders', 'Blue Bombers', 'Eskimos', 'Argonauts', 'Argonauts', 'Stampeders', 'Roughriders', 'Eskimos', 'Stampeders', 'Roughriders', 'Tiger Cats', 'Eskimos'],-10.000,-3,,33,13,295,5,,1,25,0,43,76.000,4,9,[14, 10, 10, 9],6,90.000,23,10,185,,2011,home,1,2200,1,,Lions,2086,54.000,-1,1,19,10
497,,-39.000,-5,35454,43.000,MONT,12,20111105,Saturday,East,14.500,-24.500,8,3,1,18,0.000,1,0,147.000,8,3.000,7,-42,-13,-33,-23,0,1,11,['Lions', 'Roughriders', 'Argonauts', 'Roughriders', 'Tiger Cats', 'Argonauts', 'Eskimos', 'Stampeders', 'Tiger Cats', 'Tiger Cats', 'Blue Bombers', 'Eskimos', 'Blue Bombers', 'Argonauts', 'Tiger Cats', 'Blue Bombers', 'Stampeders'],-10.000,1,,23,2,92,4,40,1,40,0,1,28.000,10,3,[1, 0, 0, 0],5,175.000,16,5,79,,2011,away,1,2200,-2,,Alouettes,1514,54.000,1,2,19,10
292,,-14.000,-6,33051,47.500,MONT,30,20111113,Sunday,East,27.500,13.500,28,2,1,19,0.000,1,0,188.000,7,-6.000,8,-8,-7,-4,-8,2,2,11,['Lions', 'Roughriders', 'Argonauts', 'Roughriders', 'Tiger Cats', 'Argonauts', 'Eskimos', 'Stampeders', 'Tiger Cats', 'Tiger Cats', 'Blue Bombers', 'Eskimos', 'Blue Bombers', 'Argonauts', 'Tiger Cats', 'Blue Bombers', 'Stampeders', 'Lions'],41.000,-1,,42,18,513,4,,3,35,1,44,17.000,6,5,[3, 13, 7, 21, 0],7,205.000,18,7,92,,2011,home,-1,1300,-3,,Alouettes,1898,55.000,1,2,20,10
291,,14.000,-2,33051,40.500,HAM,25,20111113,Sunday,East,13.500,27.500,24,0,0,19,0.000,1,0,171.000,7,6.000,10,8,7,4,8,2,2,11,['Blue Bombers', 'Eskimos', 'Roughriders', 'Lions', 'Alouettes', 'Stampeders', 'Argonauts', 'Blue Bombers', 'Alouettes', 'Alouettes', 'Eskimos', 'Stampeders', 'Argonauts', 'Blue Bombers', 'Alouettes', 'Lions', 'Roughriders', 'Argonauts'],41.000,-6,,34,15,309,11,80,2,80,1,52,52.000,6,6,[10, 14, 3, 17, 8],9,223.000,23,7,161,,2011,away,-2,1300,-2,,Tiger Cats,1702,55.000,-1,1,20,8
294,,12.000,-2,30183,46.000,EDM,19,20111113,Sunday,West,-5.750,6.250,19,1,0,19,0.000,0,0,44.000,2,-2.000,7,14,-5,11,16,1,2,11,['Roughriders', 'Tiger Cats', 'Lions', 'Stampeders', 'Argonauts', 'Blue Bombers', 'Alouettes', 'Lions', 'Stampeders', 'Stampeders', 'Tiger Cats', 'Alouettes', 'Lions', 'Roughriders', 'Blue Bombers', 'Argonauts', 'Lions', 'Roughriders'],0.500,-2,,27,12,245,8,,2,75,1,33,32.000,9,4,[3, 22, 1, 7],8,76.000,18,5,82,,2011,home,1,1630,1,,Eskimos,1666,51.500,-2,0,20,11
293,,-12.000,0,30183,51.300,CAL,12,20111113,Sunday,West,6.250,-5.750,17,1,1,19,0.000,1,0,165.000,6,2.000,7,-14,5,-11,-16,2,1,11,['Argonauts', 'Lions', 'Blue Bombers', 'Eskimos', 'Roughriders', 'Tiger Cats', 'Roughriders', 'Alouettes', 'Eskimos', 'Eskimos', 'Lions', 'Tiger Cats', 'Roughriders', 'Lions', 'Argonauts', 'Roughriders', 'Alouettes', 'Blue Bombers'],0.500,2,,25,6,174,10,70,0,70,1,19,44.000,8,5,[8, 1, 6, 4],7,209.000,27,11,201,,2011,away,1,1630,3,,Stampeders,1934,51.500,2,2,20,11
492,,13.000,0,30051,30.700,WIN,17,20111120,Sunday,East,-21.000,-8.000,27,3,0,19,0.000,1,0,11.000,1,-3.000,8,16,-3,10,7,0,3,11,['Tiger Cats', 'Argonauts', 'Stampeders', 'Argonauts', 'Lions', 'Eskimos', 'Lions', 'Tiger Cats', 'Roughriders', 'Roughriders', 'Alouettes', 'Argonauts', 'Alouettes', 'Tiger Cats', 'Eskimos', 'Alouettes', 'Argonauts', 'Stampeders'],-29.000,2,,29,12,178,9,,0,55,1,19,48.000,9,9,[0, 10, 3, 6],14,59.000,40,15,271,,2011,home,-1,1305,-2,,Blue Bombers,2340,51.000,-1,1,21,10
491,,-13.000,1,30051,37.400,HAM,16,20111120,Sunday,East,-8.000,-21.000,9,1,1,20,0.000,1,0,38.000,2,3.000,10,-16,3,-10,-7,3,0,11,['Blue Bombers', 'Eskimos', 'Roughriders', 'Lions', 'Alouettes', 'Stampeders', 'Argonauts', 'Blue Bombers', 'Alouettes', 'Alouettes', 'Eskimos', 'Stampeders', 'Argonauts', 'Blue Bombers', 'Alouettes', 'Lions', 'Roughriders', 'Argonauts', 'Alouettes'],-29.000,1,,29,6,153,5,30,0,30,1,3,14.000,12,3,[3, 0, 0, 0],6,52.000,15,3,39,,2011,away,-3,1305,1,,Tiger Cats,1260,51.000,1,2,21,9
494,,11.000,2,41313,36.800,BC,20,20111120,Sunday,West,1.000,12.000,21,0,0,19,0.000,1,0,91.000,5,-6.000,7,17,6,24,23,1,3,11,['Alouettes', 'Stampeders', 'Eskimos', 'Tiger Cats', 'Blue Bombers', 'Roughriders', 'Blue Bombers', 'Eskimos', 'Argonauts', 'Argonauts', 'Stampeders', 'Roughriders', 'Eskimos', 'Stampeders', 'Roughriders', 'Tiger Cats', 'Eskimos', 'Alouettes'],13.000,-4,,27,13,293,7,,1,74,1,40,21.000,5,3,[6, 20, 7, 7],14,112.000,21,7,163,,2011,home,2,1635,2,,Lions,1914,50.000,-3,1,21,11
493,,-11.000,1,41313,38.600,EDM,21,20111120,Sunday,West,12.000,1.000,20,2,1,20,0.000,3,0,119.000,6,6.000,7,-17,-6,-24,-23,3,1,11,['Roughriders', 'Tiger Cats', 'Lions', 'Stampeders', 'Argonauts', 'Blue Bombers', 'Alouettes', 'Lions', 'Stampeders', 'Stampeders', 'Tiger Cats', 'Alouettes', 'Lions', 'Roughriders', 'Blue Bombers', 'Argonauts', 'Lions', 'Roughriders', 'Stampeders'],13.000,1,,40,12,297,12,80,4,80,1,23,10.000,5,1,[0, 3, 6, 14],6,129.000,12,4,95,,2011,away,2,1635,2,,Eskimos,1686,50.000,3,4,21,12
292,,3.500,3,54313,44.200,BC,21,20111127,Sunday,West,1.500,5.000,19,0,0,20,0.000,0,0,103.000,4,-7.500,7,11,11,15,8,2,0,11,['Alouettes', 'Stampeders', 'Eskimos', 'Tiger Cats', 'Blue Bombers', 'Roughriders', 'Blue Bombers', 'Eskimos', 'Argonauts', 'Argonauts', 'Stampeders', 'Roughriders', 'Eskimos', 'Stampeders', 'Roughriders', 'Tiger Cats', 'Eskimos', 'Alouettes', 'Eskimos'],6.500,1,,38,13,320,7,,1,72,1,34,72.000,8,8,[11, 3, 10, 10],6,175.000,17,5,91,,2011,home,3,1830,3,,Lions,2080,50.500,-1,0,22,12
291,,-3.500,1,54313,36.100,WIN,19,20111127,Sunday,East,5.000,1.500,13,0,0,20,0.000,1,0,107.000,5,7.500,8,-11,-11,-15,-8,0,2,11,['Tiger Cats', 'Argonauts', 'Stampeders', 'Argonauts', 'Lions', 'Eskimos', 'Lions', 'Tiger Cats', 'Roughriders', 'Roughriders', 'Alouettes', 'Argonauts', 'Alouettes', 'Tiger Cats', 'Eskimos', 'Alouettes', 'Argonauts', 'Stampeders', 'Tiger Cats'],6.500,-1,,37,11,250,6,35,0,35,1,23,71.000,9,6,[0, 6, 3, 14],6,178.000,13,2,41,,2011,away,1,1830,1,,Blue Bombers,1520,50.500,1,1,22,11